timestamp,bank,buy,sell,official
2026-10-04T22:06:30-04:00,BCB,,,12.0
2026-10-04T22:06:30-04:00,BNB,11.5,12.3,12.0
2026-10-04T22:06:30-04:00,BCP,11.5,12.3,
2026-10-04T22:06:30-04:00,BISA,11.3,12.3,
2026-10-04T22:06:30-04:00,Mercantil Santa Cruz,10.9,12.3,12
2026-10-04T22:06:30-04:00,Banco Unión,11.0,12.3,12.0
2026-10-04T22:06:30-04:00,Ganadero,,12.3,12.0
2026-10-04T22:06:30-04:00,Económico,11.3,12.35,12
2026-10-04T22:06:30-04:00,FIE,11.5,12.0,12.0
2026-10-04T22:06:30-04:00,BancoSol,10.8,12.3,12.0
2026-10-04T22:06:30-04:00,Fortaleza,11.7,12.3,12.0
2026-10-04T22:06:30-04:00,Prodem,11.7,12.1,12.0
2026-10-04T22:27:32-04:00,BCB,,,12.0
2026-10-04T22:27:32-04:00,BNB,11.5,12.3,12.0
2026-10-04T22:27:32-04:00,BCP,11.5,12.3,
2026-10-04T22:27:32-04:00,BISA,11.3,12.3,
2026-10-04T22:27:32-04:00,Mercantil Santa Cruz,10.9,12.3,12.0
2026-10-04T22:27:32-04:00,Banco Unión,11.0,12.3,12.0
2026-10-04T22:27:32-04:00,Ganadero,,12.3,12.0
2026-10-04T22:27:32-04:00,Económico,11.3,12.35,12.0
2026-10-04T22:27:32-04:00,FIE,11.5,12.0,12.0
2026-10-04T22:27:32-04:00,BancoSol,10.8,12.3,12.0
2026-10-04T22:27:32-04:00,Fortaleza,11.7,12.3,12.0
2026-10-04T22:27:32-04:00,Prodem,11.7,12.1,12.0
2026-10-04T22:44:28-04:00,BCB,,,12.0
2026-10-04T22:44:28-04:00,BNB,11.5,12.3,12.0
2026-10-04T22:44:28-04:00,BCP,11.5,12.3,
2026-10-04T22:44:28-04:00,BISA,11.3,12.3,
2026-10-04T22:44:28-04:00,Mercantil Santa Cruz,10.9,12.3,12.0
2026-10-04T22:44:28-04:00,Banco Unión,11.0,12.3,12.0
2026-10-04T22:44:28-04:00,Ganadero,,12.3,12.0
2026-10-04T22:44:28-04:00,Económico,11.3,12.35,12.0
2026-10-04T22:44:28-04:00,FIE,11.5,12.0,12.0
2026-10-04T22:44:28-04:00,BancoSol,10.8,12.3,12.0
2026-10-04T22:44:28-04:00,Fortaleza,11.7,12.3,12.0
2026-10-04T22:51:52-04:00,BCB,,,12.0
2026-10-04T22:51:52-04:00,BNB,11.5,12.3,12.0
2026-10-04T22:51:52-04:00,BCP,11.5,12.3,
2026-10-04T22:51:52-04:00,BISA,11.3,12.3,
2026-10-04T22:51:52-04:00,Mercantil Santa Cruz,10.9,12.3,12.0
2026-10-04T22:51:52-04:00,Banco Unión,11.0,12.3,12.0
2026-10-04T22:51:52-04:00,Ganadero,,12.3,12.0
2026-10-04T22:51:52-04:00,Económico,11.3,12.35,12.0
2026-10-04T22:51:52-04:00,FIE,11.5,12.0,12.0
2026-10-04T22:51:52-04:00,BancoSol,10.8,12.3,12.0
2026-10-04T22:51:52-04:00,Fortaleza,11.7,12.3,12.0
2026-10-04T23:03:49-04:00,BCB,,,12.0
2026-10-04T23:03:49-04:00,BNB,11.5,12.3,12.0
2026-10-04T23:03:49-04:00,BCP,11.5,12.3,
2026-10-04T23:03:49-04:00,BISA,11.3,12.3,
2026-10-04T23:03:49-04:00,Mercantil Santa Cruz,10.9,12.3,12.0
2026-10-04T23:03:49-04:00,Banco Unión,11.0,12.3,12.0
2026-10-04T23:03:49-04:00,Ganadero,,12.3,12.0
2026-10-04T23:03:49-04:00,Económico,11.3,12.35,12.0
2026-10-04T23:03:49-04:00,FIE,11.5,12.0,12.0
2026-10-04T23:03:49-04:00,BancoSol,10.8,12.3,12.0
2026-10-04T23:03:49-04:00,Fortaleza,11.7,12.3,12.0
2026-10-04T23:03:49-04:00,Parallel,11.98,12.01,
2026-10-04T23:03:49-04:00,Prodem,11.7,12.1,12.0
